channel,url
Centre for Population Change,https://www.youtube.com/channel/UCe1EGHJ15DFVTXqBH9UEqBg/featured
Vienna Institute of Demography,https://www.youtube.com/channel/UCTWePP0i_LicKwni0_r_0mg
Asian Demographic Research Institute SH,https://www.youtube.com/channel/UCEtg9tt0Y4feyNIOW1ef1rg
PopulationEurope,https://www.youtube.com/user/PopulationEurope
IUSSP,https://www.youtube.com/user/IUSSP
ALAPoblación,https://www.youtube.com/channel/UCNFUBsQkqjFEXHR3-22MHkw
Population Reference Bureau,https://www.youtube.com/user/prbnet
Population Association of America,https://www.youtube.com/channel/UCJI-o9E3-R4I6HeEc4jUASw
Berkeley Population Sciences,https://www.youtube.com/channel/UC-Ycpyz9-xSJHnBP-tpkm1A
Duke Population Research Institute,https://www.youtube.com/channel/UCr1_qsOuibi9-ZYQdehKf-A
Carolina Population Center,https://www.youtube.com/channel/UCPy7sA_PKLeNFzo4QCsfWUg
"Seminario Migración, Desigualdad y Políticas Públicas",https://www.youtube.com/playlist?list=PLhIF5xewDHRzgJYB3TKwsQlJY85JjxOk_
Harvard Center for Population and Development Studies,https://www.youtube.com/user/harvardpopcenter
California Center for Population Research,https://www.youtube.com/channel/UCYxWMjvL-uVaJmZ1odz_Rmw
United Nations Population Division,https://www.youtube.com/channel/UCRRwbl9zN0p0AU4OJFEi8pg
Population Data Science at Swansea University,https://www.youtube.com/channel/UCMluGiw-6rpv3pWW6ALYrmA
PopulationCouncil,https://www.youtube.com/user/PopulationCouncil
Population Family and Reproductive Health - JHSPH,https://www.youtube.com/user/jhsphpfrh
Population Studies Center,https://www.youtube.com/channel/UCW_VjR1mRA3CayqJMwuLGfw
Faculty of Spatial Sciences - University of Groningen,https://www.youtube.com/user/FRWRUG
FSU Demography,https://www.youtube.com/channel/UC1SqvGehFjPhdEPyxnDhXsQ/videos
Center for Demography of Health and Aging,https://www.youtube.com/channel/UCpikHlHYlyiy5yvdf1Kph7g
International Institute for Population Sciences,https://www.youtube.com/channel/UCf4_oQaSU2n4aV2JIvFW6dA/videos
Demografia_CSIC,https://vimeo.com/user2931879
IOM GMDAC,https://vimeo.com/gmdac
METHatMIG - IMISCOE Standing Committee,https://www.youtube.com/channel/UCWmCM--tp5ofuYlS8nk40sA/videos
CPS Academic Affairs ,https://www.youtube.com/channel/UCk6yzuY716khKUqxHIgsiGA
Centre for Family and Population Research,https://www.youtube.com/channel/UCwkqskrWkcN_yf6jdU3eVkg
Institute for Population and Social Research MU,https://www.youtube.com/channel/UCwO9bBX9k2ZFwSZq0MroYcQ
Leverhulme Centre for Demographic Science,https://www.youtube.com/channel/UChOn6YsMQUzF33xee93-27A
Institut national d'études démographiques (Ined),https://www.youtube.com/channel/UCEzNx_wUFabIgVXZ9oO_Rsw
International Migration Institute,https://www.youtube.com/channel/UCbVB3Tv9U8bT18JRFFkxYRQ
