entry_published,entry_url,entry_title,feed_title
2021-05-31T08:00:06Z,yt:video:NZ9WJ6lPjLk,Taking Stock of the Migration Data in Europe | QuantMig,PopulationEurope
2021-05-28T16:40:12Z,yt:video:KyEupDeCcuA,Jennifer Beam Dowd: Demographic Perspectives on COVID-19: One Year Later,California Center for Population Research
2021-05-28T10:11:48Z,yt:video:LGhCyRgGN4g,Mapping the spread of Covid-19 transmission in Wales,Population Data Science at Swansea University
2021-05-25T08:07:25Z,yt:video:L-lqKz9AhCg,The Welfare State & Equality of Opportunity | European Demography Forum,PopulationEurope
2021-05-25T08:07:12Z,yt:video:t18xL-khTrA,Opening Session | European Demography Forum,PopulationEurope
2021-05-25T08:06:58Z,yt:video:EL0L8wDCiHM,Family & Fertility | Global Demography Forum,PopulationEurope
2021-05-25T08:06:08Z,yt:video:aDo6oWEXWVY,Precarious Work & Social Marginality across Europe | European Demography Forum,PopulationEurope
2021-05-25T08:06:05Z,yt:video:FyhpyGz7q3o,Gender | Global Demography Forum,PopulationEurope
2021-05-25T08:06:05Z,yt:video:7zxAznWZLRc,Radical Right Parties & Immigration Policy | European Demography Forum,PopulationEurope
2021-05-25T08:06:05Z,yt:video:JZrv4mRlyU0,A Europe of Pro-Elderly Welfare States within Child-oriented Societies | European Demography Forum,PopulationEurope
2021-05-25T08:06:05Z,yt:video:FAiNHDkMjnQ,Immigration & Brexit | European Demography Forum,PopulationEurope
2021-05-25T08:06:05Z,yt:video:nmZqIpGnd6w,Human Capital | Global Demography Forum,PopulationEurope
2021-05-25T08:06:05Z,yt:video:FyG13N8OeVk,Migration & Access to Welfare in the EU | European Demography Forum,PopulationEurope
2021-05-25T08:05:35Z,yt:video:ZxujHVuOzys,Migration | Global Demography Forum,PopulationEurope
2021-05-25T08:05:32Z,yt:video:rRWfRHcQFpw,Mortality | Global Demography Forum,PopulationEurope
2021-05-25T08:05:28Z,yt:video:9XlgDIevMaY,Opening Session | Global Demography Forum,PopulationEurope
2021-05-24T17:39:30Z,yt:video:ODBMKOUMRxE,PFRH 2021 Graduation Message,Population Family and Reproductive Health - JHSPH
2021-05-21T11:25:43Z,yt:video:gBBwf2iCTOM,PRB Demography Talk: Fertility Stalls in Sub Saharan Africa,Population Reference Bureau
2021-05-20T17:23:53Z,yt:video:MwliISXUrQs,David Brady: Prevalences Penalties Small Impact of Single Motherhood on America's High Child Poverty,California Center for Population Research
2021-05-20T15:02:31Z,yt:video:xx_HFokN5Bc,Webinar: Mental Health is Foundational,PopulationCouncil
2021-05-20T13:54:53Z,yt:video:oO-BzK_RNJo,2021 Penn Sociology Undergraduate Graduation Celebration,Population Studies Center
2021-05-20T11:41:08Z,yt:video:DtQ1dSfIZmA,PFRH Master Essay Presentations Part IV   2021 05 19,Population Family and Reproductive Health - JHSPH
2021-05-20T03:43:13Z,yt:video:VFfYYC4Dhbk,U.S. Engagement with Chinese Climate Politics: Progressive Alternatives to Cold War Posturing,Population Studies Center
2021-05-19T21:26:26Z,yt:video:P7IJnghc4Fk,Teresa Seeman: Aging Trajectories Through Biopsychosocial Lens,Carolina Population Center
2021-05-19T10:06:47Z,yt:video:xQ5EsoFXCVE,Family Experiences During COVID 19 Webinar Recording,Population Reference Bureau
2021-05-18T12:47:18Z,yt:video:yF0WL7ctWmk,MicroWELT – Microsimulation of Disaggregated NationalTransfer Accounts,Vienna Institute of Demography
2021-05-18T12:23:13Z,yt:video:u-kTvJLK6xg,PFRH Master Essay Presentations Part III   2021 05 17,Population Family and Reproductive Health - JHSPH
2021-05-18T09:51:54Z,yt:video:dBxY-rNZJq8,PFRH Master Essay Presentations Part II   2021 05 12,Population Family and Reproductive Health - JHSPH
2021-05-17T23:56:10Z,yt:video:6mKWpRoO9cw,Les jeunes du Sénégal font entendre leurs voix pour l’accès à la planification familiale,Population Reference Bureau
2021-05-17T13:36:12Z,yt:video:MrwWfJ9VqFE,Dr Erica Field: A Signal to End Child Marriage: Theory and Experimental Evidence from Bangladesh,California Center for Population Research
2021-05-17T06:33:58Z,yt:video:Lqm36f0lXho,Migration Data Inventory Introduction | QuantMig,PopulationEurope
2021-05-14T16:42:40Z,yt:video:fi031-1r2t8,Des lois qui changent des vies,Population Reference Bureau
2021-05-14T01:00:00Z,yt:video:12njCtxODhY,Prachakorn Forum EP.12 | สังคมสูงวัยกับการสูงวัยในที่เดิม (Ageing in Place),Institute for Population and Social Research MU
2021-05-12T03:37:12Z,yt:video:z-pxwaKIihQ,"A Pan-American Green New Deal? Green Investment, Extraction Battles, and Reforestation",Population Studies Center
2021-05-07T23:18:43Z,yt:video:yltaGA4GpNE,PAA 2021 Awards Ceremony & Presidential Address,Population Association of America
2021-05-07T13:06:22Z,yt:video:EtP-gss5nnI,PFRH Master Essay Presentations Part I   2021 05 05,Population Family and Reproductive Health - JHSPH
2021-05-05T22:21:55Z,yt:video:3BABUxnLMiQ,15th Paul Harper Lecture 2021 04 28,Population Family and Reproductive Health - JHSPH
2021-05-04T03:39:34Z,yt:video:xZRbQJqe-ZU,Global Climate Justice against Neo-Colonialism,Population Studies Center
2021-04-30T12:01:15Z,yt:video:dkffBD72a1Q,Session Section Overview,Population Association of America
2021-04-30T05:42:05Z,yt:video:uk9DetU37Zo,Parenting for Success: The Value of Children and Intensive Parenting in Post-reform China,Centre for Family and Population Research
2021-04-29T17:24:17Z,yt:video:WKpxNV6gOUs,Getting Started on the Evidence for Gender & Education Resource (EGER),PopulationCouncil
2021-04-29T17:17:32Z,yt:video:JwVxU8FH1XQ,How to Sign Up for the Evidence for Gender & Education Resource (EGER),PopulationCouncil
2021-04-28T23:28:23Z,yt:video:m_Aaijp_1N8,Twitter for Population Science Researchers,Population Association of America
2021-04-27T12:19:49Z,yt:video:NCRApjppmyA,PAA 2021 Meeting Platform Overview Tour,Population Association of America
2021-04-27T03:06:29Z,yt:video:w1QNukD03WU,Penn Population Studies Colloquium 2021-04-26 Christopher Winship and Ethan Fosse,Population Studies Center
2021-04-24T03:15:32Z,yt:video:jdzn6ej61-Q,"Living, Working, Dying:  Demographic Insights into COVID-19",Population Association of America
2021-04-23T04:20:15Z,yt:video:vJEEQYv3J60,Intergenerational Contact Zones: Place-Based Strategies for Promoting Social Inclusion and Belonging,Centre for Family and Population Research
2021-04-22T18:24:15Z,yt:video:aCJX32ilo0s,Ellora Derenoncourt -  Can you move to opportunity? Evidence from the Great Migration,Berkeley Population Sciences
2021-04-21T06:46:32Z,yt:video:BHE3BjNL_CI,GMT20210414 Census 2020,Population Family and Reproductive Health - JHSPH
2021-04-20T07:04:25Z,yt:video:OyDEfGfDoCo,'A Bayesian cohort component projection model to estimate adult populations..' with Monica Alexander,Centre for Population Change
2021-04-19T21:18:19Z,yt:video:-ltzznTl5gs,Guo Xu - The Costs of employment Segregation: Evidence from the Federal Government under Wilson,Berkeley Population Sciences
2021-04-16T07:33:41Z,yt:video:-1cqoZyOF38,Early Marriage and Health of Women in Later Life: A Multi-County Study,Centre for Family and Population Research
2021-04-14T12:23:52Z,yt:video:MfZG7p6z96A,"Does Incarceration Shape Trust in the State, Community Engagement, and Civic Participation?",Carolina Population Center
2021-04-14T12:09:14Z,yt:video:MPeNujyiUNY,"Moving from research to practice: A reflection on hurricanes, schools, and stakeholders",Carolina Population Center
2021-04-14T12:07:45Z,yt:video:5_APURP0KwA,Food insecurity and mental wellbeing: What role does culture play in explaining the association?,Carolina Population Center
2021-04-14T12:03:38Z,yt:video:qQQU5ufFYCE,How Social Inequities shape an Impairment Paradox in Later Life,Carolina Population Center
2021-04-14T11:50:53Z,yt:video:ylcjQsqDdWE,"Deprivation and threat, testing conceptual model of adversity exposure and developmental outcomes",Carolina Population Center
2021-04-14T03:39:24Z,yt:video:MDvFinrhDEc,Green Social Housing at Scale: Lessons from Vienna’s Social Housing,Population Studies Center
2021-04-14T01:16:06Z,yt:video:ALHyl03jkvI,"Harnessing the Transformative Power of Art, Music, Science for Public Health",Population Family and Reproductive Health - JHSPH
2021-04-13T03:15:25Z,yt:video:iFLotyCisQg,Penn Population Studies Colloquium 2021-04-12 Arnstein Aassve,Population Studies Center
2021-04-12T23:10:27Z,yt:video:67PCLKzH9zw,Conversations with our PFRH Master’s Alumni: Where are they now? PFRH Wednesday Seminar  03-31-2021,Population Family and Reproductive Health - JHSPH
2021-04-12T19:11:50Z,yt:video:awbdCTDkjsQ,Evidence for Gender and Education Resource (EGER) Web-Portal Overview,PopulationCouncil
2021-04-09T14:33:37Z,yt:video:5Bj-kUttadQ,"Joint IUSSP/PAA Webinar on Population, Food and the Environment",IUSSP
2021-04-09T04:04:09Z,yt:video:iA2R1Nx2r_Q,Migration and Marriage Timing in Indonesia: Evidence from Singapore,Centre for Family and Population Research
2021-04-09T01:00:05Z,yt:video:Sy0_TiDuOnk,EP11 | ภาพสะท้อนงานวิจัยด้านครอบครัว work-life balance และคุณภาพชีวิต,Institute for Population and Social Research MU
2021-04-02T01:54:33Z,yt:video:ez7SHB76BkU,Manisha Shah - Including Males: Improving Sexual and Reproductive Health for Female Adolescents,California Center for Population Research
2021-04-01T12:58:42Z,yt:video:fUNuXrWsAuU,"Alicia Martin: Polygenic risk scores for the world: current applications, limitations, and promise",Center for Demography of Health and Aging
2021-03-31T04:04:00Z,yt:video:9aJe8b-zTK8,How Does Lived Religion Work?: Religion and Social Engagement,Centre for Family and Population Research
2021-03-29T14:54:57Z,yt:video:-s1fLEFRsqU,'Lifecourse of Place: how environments throughout life can support healthy ageing' with Jamie Pearce,Centre for Population Change
2021-03-29T10:12:58Z,yt:video:uspSQcdp6Xw,IUSSP Webinar. Family Planning Research under the COVID-19 Pandemic.,IUSSP
2021-03-29T06:07:57Z,yt:video:pykbQI2LSrU,'Paleodemography of Black Sea Scythians' with Sylwia Łukasik & Jakub Bijak,Centre for Population Change
2021-03-26T15:42:09Z,yt:video:r6tFyKOQERg,Julie Goodwin: The Impact of Late-Career Job Loss and Genotype on Changes in Body Mass Index,Center for Demography of Health and Aging
2021-03-26T15:42:04Z,yt:video:eSiSYG_CN1w,Zijie Zhao: Fine-tuning Polygenic Risk Scores with GWAS Summary Statistics,Center for Demography of Health and Aging
2021-03-26T15:41:59Z,yt:video:RELbmvWPmp8,Boyan Zheng: Effects of Fertility on Life Outcomes Among Older Adults: A Novel Genetic...,Center for Demography of Health and Aging
2021-03-26T15:41:39Z,yt:video:xZdBU57Sfy8,Shiro Furuya: Mismatch between Social Time and Circadian Rhythm,Center for Demography of Health and Aging
2021-03-26T01:13:38Z,yt:video:u1eFNJRZHIE,Durrance: Prenatal Substance Exposure Consequences / Trejo: Genetic Influence on Birth Weight,Center for Demography of Health and Aging
2021-03-24T19:14:29Z,yt:video:B3pCyjrzxeg,Corina Mommaerts: What Can Economics Say About Alzheimer's Disease?,Center for Demography of Health and Aging
2021-03-24T19:00:53Z,yt:video:fCqfxUtqdwU,Kristen Malecki: Population Health Sciences and Opportunities for Aging Socio-genomics Research,Center for Demography of Health and Aging
2021-03-24T18:45:14Z,yt:video:JbTUCVREhLM,Katie Jajtner: Multidimensional Intergenerational Mobility,Center for Demography of Health and Aging
2021-03-24T18:37:26Z,yt:video:H_D6gMMXGyM,Xiaoyuan Zhong: Genetics Meets Population Science: Understanding the Importance of Response Rates...,Center for Demography of Health and Aging
2021-03-24T18:36:08Z,yt:video:wwfnE3It0l4,Yuexuan Xu: Bald is Beautiful? Life Course Outcomes for Individuals at high Genetic Risk for MPB,Center for Demography of Health and Aging
2021-03-24T18:36:04Z,yt:video:DfxwjAl1mhk,Yuchang Wu: Estimating genetic nurture using genome-wide association study summary statistics,Center for Demography of Health and Aging
2021-03-24T18:36:00Z,yt:video:e3mS0jaQiQE,Sam Trejo: Gene-Environment Interactions: Challenges and Recent Developments,Center for Demography of Health and Aging
2021-03-24T18:35:56Z,yt:video:lctfqeVyA2U,Lauren Schmitz:  Using Functionally Annotated Polygenic Scores to Explore the Impact of GxE...,Center for Demography of Health and Aging
2021-03-24T18:35:51Z,yt:video:8d1BIyP2slM,Qiongshi Lu: Local Genetic Correlation Analysis Reveals Heterogeneous Etiologic Sharing of...,Center for Demography of Health and Aging
2021-03-23T04:10:35Z,yt:video:X-SanCl1qWE,Penn Population Studies Colloquium 2021-03-22 Judith Levine,Population Studies Center
2021-03-19T04:57:08Z,yt:video:oAfpId5UJCE,Wealth Accumulation by Marital Sorting on Own Education and Parental Education: Hypogamy  in China,Centre for Family and Population Research
2021-03-17T09:29:40Z,yt:video:IQ-VA8cg2MY,Conversatorio - Aborto: Avanzando en los derechos de las mujeres latinoamericanas,ALAPoblación
2021-03-16T11:55:32Z,yt:video:sjjMydqMvSQ,A Wager on Trends in Global Food Prices for 2011-2020:  Who Won and What Does it Mean?,Population Family and Reproductive Health - JHSPH
2021-03-16T04:07:20Z,yt:video:_2Bd9xvu91w,Penn Population Studies Colloquium 2021-03-15 Rob Warren,Population Studies Center
2021-03-15T09:31:20Z,yt:video:tsBY5nAfUMk,Population Data Science - 10 Centres of Excellence,Population Data Science at Swansea University
2021-03-15T09:13:00Z,yt:video:OBWgV5EwYjU,CPC Q&A: What is computer modelling?,Centre for Population Change
2021-03-15T09:12:53Z,yt:video:h7Y2QK2umQw,CPC at SOTSEF 2021: Why study Population Geography?,Centre for Population Change
2021-03-12T06:49:28Z,yt:video:ipZ41uDE4AM,'Transcendent Parenting in Asia’s Digitally-Connected Families,Centre for Family and Population Research
2021-03-12T02:00:01Z,yt:video:4vIXwK2EBbo,Prachakorn Forum EP.10 : วัยรุ่นและครอบครัวในโลกสมัยใหม่,Institute for Population and Social Research MU
2021-03-11T01:49:53Z,yt:video:bkZeszetYhc,"Mauricio Avendano Pabon - Stress, happiness, and maternity leave at childbirth",California Center for Population Research
2021-03-10T19:54:40Z,yt:video:XcnzdR28oU8,The Lakota Daughters: Film Screening and Q&A,PopulationCouncil
2021-03-09T05:14:59Z,yt:video:fvvybjsFsn8,Penn Population Studies Colloquium 2021-03-08 Yu Xie,Population Studies Center
2021-03-06T08:00:51Z,yt:video:7k9Y-LJwkWU,PAA Presidential Address Topics: Where Are They Now? - Volume 2,Population Association of America
2021-03-05T15:50:14Z,yt:video:TLNmXg6aFjA,PFRH  Winter 2020 - Message to our Students,Population Family and Reproductive Health - JHSPH
2021-03-05T13:39:01Z,yt:video:IcDf6JGaT08,"Leading the Way: Tanzania’s Investments in People, Health, and the Environment",Population Reference Bureau
2021-03-05T04:33:32Z,yt:video:zlEct2xFfjI,Opting Out or Left Out? Gendered Pathways to Singlehood in South Korea,Centre for Family and Population Research
2021-03-02T19:21:31Z,yt:video:tua9V1uuS2c,A Shared Path: the 2021 Girls’ Education Roadmap,PopulationCouncil
2021-03-02T14:54:44Z,yt:video:ey_HJ8cx3qY,'A new look at the geography of housing careers in Great Britain' with Rory Coulter,Centre for Population Change
2021-03-02T05:05:44Z,yt:video:8XsD1ZSVB9k,Penn Population Studies Colloquium 2021-03-01 Katie Genadek,Population Studies Center
2021-03-01T17:33:58Z,yt:video:6-vhfupk128,Causal Inference in Population Trends: Searching for Demographic Anomalies in Big Data,Carolina Population Center
2021-03-01T17:30:27Z,yt:video:ocEQ_G8yS6A,John Batsis: The Importance of Fat and Muscle in the Aging Process.,Carolina Population Center
2021-02-25T04:24:22Z,yt:video:eSyPxyzlR6E,Jishnu Das: Randomized Regulation: The Impact of Minimum Quality Standards on Health Markets,California Center for Population Research
2021-02-25T03:32:04Z,yt:video:86jDzhChua8,Matt Hauer - Causal Inference in Population Trends: Searching for Demographic Anomalies in Big Data,Berkeley Population Sciences
2021-02-23T19:09:34Z,yt:video:ge_ZTJH_9cg,2021 Girls’ Education Roadmap: A Pathway Forward,PopulationCouncil
2021-02-23T14:42:40Z,yt:video:8XrP3PkdRXk,Multisectoral Benefits of Age Structure Change,Population Reference Bureau
2021-02-23T05:04:58Z,yt:video:T4pYC-M9bF8,Penn Population Studies Colloquium 2021-02-22 Jenny Trinitapoli,Population Studies Center
2021-02-19T06:55:36Z,yt:video:3BwGb0XzMw4,Delay of Gratification in Preschool-Aged Children in Singapore,Centre for Family and Population Research
2021-02-19T04:50:56Z,yt:video:Yoe821rp1ak,"Ben Rader - -  Spatial Heterogeneity in Prevention, Testing, Vaccine Access and COVID-19",Berkeley Population Sciences
2021-02-19T04:07:26Z,yt:video:QqRnnUQ1NyE,Rob Warren - High School and Beyond: An Education Study Becomes an Aging Study,Berkeley Population Sciences
2021-02-18T08:48:29Z,yt:video:UFuWMhaSw8E,"Robert Pickett  - Vanishing Margins: Intersectionality, Small Groups, and Statistical Modeling",Berkeley Population Sciences
2021-02-18T08:08:32Z,yt:video:4LmvnwInZnw,Alex Ezeh - The drivers and implications of future population trajectories in Africa,Berkeley Population Sciences
2021-02-16T05:05:02Z,yt:video:h1gg_CYUdzY,Penn Population Studies Colloquium 2021-02-15 Hal Caswell,Population Studies Center
2021-02-15T12:09:35Z,yt:video:lj18PikdM-U,“Digital trace data can never be used on its own” - An interview with  Albert A. Salah,METHatMIG - IMISCOE Standing Committee
2021-02-15T11:44:17Z,yt:video:wt9XXrvGGfA,'Carrying out rapid qualitative research during a pandemic' with Cecilia Vindrola,Centre for Population Change
2021-02-12T14:00:04Z,yt:video:LgK8bd7Ww5k,Ken Bollen and Iliya Gutin: What longitudinal model should I choose?,Carolina Population Center
2021-02-12T02:00:07Z,yt:video:k769x-bkOLY,Prachakorn Forum EP.9 | จาก 50 ล้านประชากร สู่สังคมสูงวัยระดับสุดยอด,Institute for Population and Social Research MU
2021-02-11T01:54:18Z,yt:video:f4gDILpE4NA,"Mario Luis Small: Banks, alternative institutions, and spatial-temporal ecology of racial inequality",California Center for Population Research
2021-02-09T13:22:27Z,yt:video:f9XazOpgsJQ,Penn Population Studies Colloquium 2021-02-08 Daniel Goodkind,Population Studies Center
2021-02-08T08:55:33Z,yt:video:ijmS-DI-Z98,'Studying health and migration using social media' with Emilio Zagheni,Centre for Population Change
2021-02-05T06:24:51Z,yt:video:T09olcg_5I8,Technological Progress and Female Advancement: Changes in Gender and Skill Premia in OECD Countries,Centre for Family and Population Research
2021-02-03T21:40:34Z,yt:video:uNe4RKibJKI,CCPR Job Market Developmental Workshop,California Center for Population Research
2021-02-02T12:52:48Z,yt:video:KXUEWwtxOnw,IUSSP at ALAP Conference 2020. Round Table: Priorities in Research on International Migration,IUSSP
2021-02-02T12:52:19Z,yt:video:zdHdyaXR2rI,IUSSP at ALAP 2020  Session on the status of the 2021 International Population Conference,IUSSP
2021-02-02T10:36:34Z,yt:video:SXRXu9n2xJE,Paleodemography of Black Sea Scythians: An exploration by using Bayesian methods,Centre for Population Change
2021-02-02T08:18:36Z,yt:video:9KRxhfgMa6Y,IUSSP at ALAP Conference 2020. Round Table: Rethinking training in demography for the 21st Century,IUSSP
2021-02-02T08:13:34Z,yt:video:9IQg4NmaO7k,IUSSP at Alap Conference 2020. Round Table: Regional Population Associations,IUSSP
2021-02-01T13:43:53Z,yt:video:FG_jnzguSFY,Elizabeth Wrigley-Field: The Deaths America Treats as Normal,Carolina Population Center
2021-01-29T20:04:28Z,yt:video:fSzCHP0TZgo,Applied Demography Conference - Meeting Platform Tour,Population Association of America
2021-01-29T10:54:53Z,yt:video:1VesNoEMwE0,A Neuroscience Perspective on Fairness Perception in Singaporean Preschoolers,Centre for Family and Population Research
2021-01-29T02:00:11Z,yt:video:zJe6PjRhv5g,ย้อนอดีต มองปัจจุบัน วาดอนาคต กับ งานวิจัยด้านพฤติกรรมสุขภาพ,Institute for Population and Social Research MU
2021-01-28T22:29:43Z,yt:video:bCP1LDZE--8,Fosse and Winship - Models of Social Change: Principles and Methods of Age-Period-Cohort Analysis,California Center for Population Research
2021-01-27T10:03:47Z,yt:video:z9ig_uQlAQk,การสร้างเสริมศักยภาพภาคีเครือข่าย,Institute for Population and Social Research MU
2021-01-27T09:40:59Z,yt:video:YVeu_IRUweY,การรวบรวมข้อมูลภาคสนาม,Institute for Population and Social Research MU
2021-01-26T18:13:12Z,yt:video:mmProOvW_t0,Fenaba Addo: Wealth Inequality in Young Adulthood,Carolina Population Center
2021-01-26T14:36:22Z,yt:video:h1U_VEdQPAU,Reconsidered Disadvantage in the United States with Dominique Green,Centre for Population Change
2021-01-22T07:49:19Z,yt:video:uu9a5hYAdzI,The Roads One Must Walk Down: Journey to Work and Depression for Beijing’s Residents,Centre for Family and Population Research
2021-01-19T14:02:14Z,yt:video:W5nEbhJk2to,"""Developing linkage ready data"" with Tom Alexis and Cecilia Macintyre",Centre for Population Change
2021-01-15T19:02:34Z,yt:video:CiT0MlWQcP8,Understanding Multisectoral Benefits of Age Structure Change Among Local Decisionmakers,Population Reference Bureau
2021-01-15T18:05:24Z,yt:video:KcveEft6pso,Asynchronous Presentation Tour,Population Association of America
2021-01-15T05:30:59Z,yt:video:2WMs48mkqxI,Fertility Decline and Trends in Educational Gender Inequality in China,Centre for Family and Population Research
2021-01-15T03:03:56Z,yt:video:AMD3eXRubvc,Prachakorn Forum 2021,Institute for Population and Social Research MU
2021-01-14T08:17:07Z,yt:video:GV9_cTbpyk4,วิทยาลัยประชากร Full SubEng,CPS Academic Affairs
2021-01-14T05:43:51Z,yt:video:GdN3AUzNAE8,"Webinar "" What Demographers Tell Us about the COVID-19?"" Jan 13 2021 Recording",Asian Demographic Research Institute SH
2021-01-14T00:10:10Z,yt:video:mbr2t3QS69M,Cecilia Menjivar - Interviewing Immigrants in Different Contexts,California Center for Population Research
2021-01-06T09:53:18Z,yt:video:hewoO5IPB-A,PopPov2020. Poverty,IUSSP
2021-01-06T09:51:48Z,yt:video:U1bqf5sI8Hs,PopPov2020. Entrepreneurship,IUSSP
2021-01-06T09:46:15Z,yt:video:PP2W4ByMa8w,PopPov2020. Family Planning,IUSSP
2021-01-06T09:45:06Z,yt:video:KDrX6VUVVHg,PopPov2020. Labor,IUSSP
2021-01-06T09:10:22Z,yt:video:195sREYqJuA,PopPov2020. Upward mobility,IUSSP
2021-01-06T09:08:23Z,yt:video:lqMOsTIL7bQ,PopPov2020. Inequality,IUSSP
2021-01-06T08:56:24Z,yt:video:EMK359kRNEI,PopPov2020. Lifecourse,IUSSP
2021-01-06T08:53:31Z,yt:video:vxUNCcIJSGE,PopPov2020 Fertility,IUSSP
2021-01-06T08:50:22Z,yt:video:ylHxERGCgv0,PopPov2020. Child Health 1,IUSSP
2020-12-17T11:28:06Z,yt:video:tiJN9-5KQGU,The Impact of the Pandemic on Family Life in Asia,Centre for Family and Population Research
2020-12-16T20:54:59Z,yt:video:ngSv5IEzuOc,"COVID-19 Response for In-School Girls in Morogoro, Tanzania",PopulationCouncil
2020-12-15T05:09:17Z,yt:video:zKy9djWfAFU,Penn Population Studies Colloquium 2020-12-14,Population Studies Center
2020-12-12T11:52:30Z,yt:video:CfyA6gu0MQU,Palabras finales,ALAPoblación
2020-12-12T11:10:39Z,yt:video:BawVJTrMJSQ,La post pandemia: el impacto duradero del COVID19 en las poblaciones y la Demografía,ALAPoblación
2020-12-12T09:25:50Z,yt:video:M8722gAVQ6w,"Desigualdades urbanas, vivienda y crecimiento poblacional",ALAPoblación
2020-12-12T07:42:19Z,yt:video:5x4WZPlxiVo,El registro de defunciones y la medición de la mortalidad en América Latina en tiempos de COVID-19,ALAPoblación
2020-12-12T05:54:46Z,yt:video:1Cy6PSWHCsg,Impactos de la pandemia de COVID19 en salud y mortalidad en América Latina,ALAPoblación
2020-12-12T03:00:47Z,yt:video:g0FL4ShyoX0,Respuestas político-institucionales a la reciente migración venezolana en América Latina,ALAPoblación
2020-12-12T01:16:33Z,yt:video:dt77Mlwo0-o,"COVID 19 Panel with Dr. Ramirez, Dr. Handcock, Dr. Heuveline, and Dr. Beltran Sanchez",California Center for Population Research
2020-12-12T01:08:29Z,yt:video:IrCmfIlpsdE,Giovanni Peri - Integrating Refugees: The Role of Language Training and Work Incentives,California Center for Population Research
2020-12-12T01:07:19Z,yt:video:L_0qo9Q0-E0,"Dinâmica demográfica, desigualdade e meio ambiente no Brasil",ALAPoblación
2020-12-11T19:51:37Z,yt:video:akQdC4rbYQc,Apresentação do livro Censo 2021. Experiências na América Do Sul,ALAPoblación
2020-12-11T09:20:12Z,yt:video:zuDnWEYpapg,Las culturas del privilegio y de la desprotección en la reproducción de las desigualdades,ALAPoblación
2020-12-11T07:43:33Z,yt:video:rx3u_uPkfjY,Familias esparcidas en el mundo. Migración y dinámica familiar.,ALAPoblación
2020-12-11T05:54:20Z,yt:video:OMtVppD-iI8,Visibilidad sociodemográfica para la población afrodescendente en América Latina y Caribe,ALAPoblación
2020-12-11T04:07:28Z,yt:video:jaPRyToEH1U,"Presentación de ""Historia de la vejez en la Argentina, 1850 a 1950"" por Hernán Otero",ALAPoblación
2020-12-11T02:56:39Z,yt:video:X0HIExHsq3E,Demographic Research with Web and Social Media Data,ALAPoblación
2020-12-11T02:00:06Z,yt:video:WVQuW6ppZ_4,Prachakorn Forum EP.7 | สูงวัยในเมืองหลวง,Institute for Population and Social Research MU
2020-12-11T01:12:05Z,yt:video:YNwM_x8hMyc,Tendencias y cambios en el uso de anticonceptivos en América Latina y el Caribe,ALAPoblación
2020-12-10T09:16:10Z,yt:video:xZynfW5mBdw,WIC2020: Anne Solaz – COVID-19 lockdowns and demographically-relevant Google trends: a cross-nat...,Vienna Institute of Demography
2020-12-10T09:16:08Z,yt:video:Uah9TqquT7Y,WIC2020: Niki Popper – The COVID-19 crisis - decision support based on an agent-based approach: ...,Vienna Institute of Demography
2020-12-10T09:16:08Z,yt:video:wPb-gx1DrY8,WIC2020: Raffaele Guetto – Marriage and cohabitation under uncertainty: the role of narratives ...,Vienna Institute of Demography
2020-12-10T09:16:08Z,yt:video:DPWsRG747WM,WIC2020: Joshua R. Goldstein – Demography after the pandemic,Vienna Institute of Demography
2020-12-10T09:16:08Z,yt:video:8I9D2HfodC0,WIC2020: Mallika Snyder – The lived experience of COVID-19 mortality: quantifying the relation- ...,Vienna Institute of Demography
2020-12-10T09:16:08Z,yt:video:SSN8nL-gTco,WIC2020: Philip Verwimp – The spread of COVID-19 in Belgium: a municipality-level analysis,Vienna Institute of Demography
2020-12-10T09:16:08Z,yt:video:6MhloIyQ828,WIC2020: Daniele Vignoli – Narratives of the future shape fertility in uncertain times: evidence ...,Vienna Institute of Demography
2020-12-10T09:15:48Z,yt:video:_U0HSy_5l9E,WIC2020: Guillaume Marois – Assessing the potential impact of COVID-19 on life expectancy,Vienna Institute of Demography
2020-12-10T09:15:48Z,yt:video:ZQwQiqWjEzM,WIC2020: Raquel Guimaraes– The changing age-structure of Coronavirus SARS-CoV-2 deaths and cases ...,Vienna Institute of Demography
2020-12-10T09:15:48Z,yt:video:WXHdb1lGNdQ,WIC2020: Poster award ceremony and closing of the conference,Vienna Institute of Demography
2020-12-10T09:15:48Z,yt:video:S-V_vFq2fIs,"WIC2020: Francesca Luppi – The impact of COVID-19 on fertility plans in Italy, Germany, France, ...",Vienna Institute of Demography
2020-12-10T09:15:48Z,yt:video:CZzrh8qw7Ss,WIC2020: Michaela Kreyenfeld – Coronavirus & care: how the coronavirus crisis affected fathers’ ...,Vienna Institute of Demography
2020-12-10T09:15:48Z,yt:video:NA7Jij6biPQ,WIC2020: Joshua Wilde – COVID-19 and the future of US fertility: What can we learn from Google?,Vienna Institute of Demography
2020-12-10T09:15:48Z,yt:video:7cvr3e_Rqww,WIC2020: Nandita Saikia – District level correlates of the COVID-19 pandemic in India,Vienna Institute of Demography
2020-12-10T08:30:50Z,yt:video:mF49L_5T2MU,Financial Adequacy among Older People in Selected Asian Countries,Centre for Family and Population Research
2020-12-10T01:03:05Z,yt:video:dFpDU4PAOjY,Prof Edward Miguel - How Deep is the COVID 19 Recession? Evidence from Kenya and Beyond,California Center for Population Research
2020-12-10T00:40:52Z,yt:video:_TkDNIO7wZk,Dr. Sanjay Basu - Challenges Using Simulation Models to Plan and Refine COVID Test for High risk Pop,California Center for Population Research
2020-12-09T06:02:57Z,yt:video:JZ9s1OfMMug,PAA Presidential Address Topics: Where Are They Now?,Population Association of America
2020-12-07T19:37:00Z,yt:video:qX0uKqP1iUc,Margaret Hicken: Landscapes of racial dispossession and control,Carolina Population Center
2020-12-04T17:31:41Z,yt:video:m2RI5kM67_8,Sanyukta Mathur: the DREAMS Partnership,PopulationCouncil
2020-12-04T16:23:27Z,yt:video:C5MOT8vf1rg,Understanding socioeconomic determinants of COVID-19 mortality with Gunnar Andersson,Centre for Population Change
2020-12-01T09:59:52Z,yt:video:N-LUkpVKuR0,'Britain's first demographic transition' with Alice Reid,Centre for Population Change
2020-11-27T02:00:13Z,yt:video:krVR158QHa0,Prachakorn Forum EP.6 | ความมั่นคงทางประชากรและสังคม: นโยบายการทดแทนประชากรในศตวรรษที่ 21,Institute for Population and Social Research MU
2020-11-20T21:29:29Z,yt:video:Dlf0zydSiQo,Change in Religious Attendance & Network Turnover in Later Life: The Role of Health Status,Berkeley Population Sciences
2020-11-20T07:37:09Z,yt:video:U30d7afJ24c,Webinar - The Mortality Impact of COVID-19,Population Association of America
2020-11-17T21:57:57Z,yt:video:9MnNz9VKMJ0,ENGAGE completo en lengua de señas internacional,Population Reference Bureau
2020-11-17T16:26:28Z,yt:video:J0DB3d-Cu6w,Government Affairs Update - November 2020,Population Association of America
2020-11-13T02:15:01Z,yt:video:sPpZ4Frdy5c,Prachakorn Forum EP5 | รักวัวให้ผูก รักลูก (ไม่) ให้ตี,Institute for Population and Social Research MU
2020-11-12T16:06:35Z,yt:video:tLU6MiVIqeA,ENGAGE completo—Descripción de audio,Population Reference Bureau
2020-11-12T15:30:05Z,yt:video:Di7dP1FI-nE,Video completo de ENGAGE con subtítulos,Population Reference Bureau
2020-11-12T15:29:44Z,yt:video:ZOIx-Yzg4hc,Vidéo ENGAGE complète avec sous titrage,Population Reference Bureau
2020-11-12T14:29:54Z,yt:video:Ph0pjPFb6L0,Un video de presentación de ENGAGE,Population Reference Bureau
2020-11-11T23:55:18Z,yt:video:K01yYBs_0nY,La vidéo de présentation ENGAGE : l’égalité pour les femmes et les jeunes en situation de handicap,Population Reference Bureau
2020-11-11T21:29:44Z,yt:video:2jgj3nN7hxs,ENGAGE complète en langue des signes internationale,Population Reference Bureau
2020-11-11T21:25:07Z,yt:video:AoqfMAZBEo0,Vidéo ENGAGE,Population Reference Bureau
2020-11-10T20:16:59Z,yt:video:PkRSvwR2zuA,Shira Offer & Claude Fisher:  Egocentric Network Composition Over Time,Berkeley Population Sciences
2020-11-10T16:32:58Z,yt:video:51644pHwe0A,Nicholas Harrigan:  Dimensions of Signed ties: A Taxonomy of Positive and Negative Ties,Berkeley Population Sciences
2020-11-10T15:01:01Z,yt:video:0K2odD5YYwE,Guy Harling:  Causal impact--constraining numbers of contacts elicited on egocentric social networks,Berkeley Population Sciences
2020-11-10T10:43:03Z,yt:video:r48TMzAklnQ,SAIL Databank featured in ‘BBC Wales Investigates’ the hidden costs of COVID-19,Population Data Science at Swansea University
2020-11-10T00:58:04Z,yt:video:1kw0s8hR49k,"José Manuel Aburto:   ""Leveraging Formal Demography to Understand Lifespan  Inequality Trends""",Berkeley Population Sciences
2020-11-10T00:58:00Z,yt:video:6YsXQ1lES_c,Julian Teitler & Nancy Reichman:  Elective Deliveries and Child Development,Berkeley Population Sciences
2020-11-09T08:55:31Z,yt:video:gFmijL8KeRY,Keynote lecture on agent-cased modelling with Alexia Fürnkranz-Prskawetz,Centre for Population Change
2020-11-04T04:54:31Z,yt:video:Q-Ic-kI6qMk,"Dan Hopkins:  ""And Not by Turnout Alone: Measuring the Sources of Electoral Change, 2012-2016""",Berkeley Population Sciences
2020-10-30T17:35:13Z,yt:video:hPEjUQZV_J8,The Impact of COVID-19 on Urban Informal Settlements: Lessons from Kenya (Webinar),PopulationCouncil
2020-10-30T02:15:01Z,yt:video:TvKh2GZ4wis,Prachakorn Forum EP.4 | การทำงาน ครอบครัว ความสุข ในสถานการณ์โควิด-19,Institute for Population and Social Research MU
2020-10-28T18:25:10Z,yt:video:8MWK-TCsMAI,Researchers Explore Nestorone for Myeline Regeneration,PopulationCouncil
2020-10-27T16:06:54Z,yt:video:hR4_7kozi_w,An Introduction to Human Evolutionary Demography and its Perspectives: Seminar II,Berkeley Population Sciences
2020-10-27T14:17:52Z,yt:video:VblQRMMQNGw,Interview with Arland Thorton - 2001 PAA President,Population Association of America
2020-10-27T08:08:59Z,yt:video:95NFKLUm79I,'Estimating Total Fertility from the Shape of the Age Pyramid' with Carl Schmertmann,Centre for Population Change
2020-10-22T01:41:51Z,yt:video:nqAzXKncfV4,Teaser 2 | Prachakorn Forum,Institute for Population and Social Research MU
2020-10-21T20:04:39Z,yt:video:d3lD_HdL3HY,Mapeo Social para Niñas y Adolescentes,PopulationCouncil
2020-10-16T03:36:39Z,yt:video:5fc62IjDigs,PAA Webinar Series ~ COVID-19 in Sub-Saharan Africa,Population Association of America
2020-10-16T01:15:00Z,yt:video:BbKw16lVGN8,Prachakorn Forum EP3|Young People and COVID-19 in Thailand: Findings from a Series of Online Surveys,Institute for Population and Social Research MU
2020-10-08T06:07:44Z,yt:video:SemJp_4kC4E,Digitization of Migration Research Methods – An interview with Marzia Rango,METHatMIG - IMISCOE Standing Committee
2020-10-06T04:27:56Z,yt:video:ctNnFD16MtQ,"Vaughan Gething, Health Minister, Welsh Government – Coronovirus Press Conference 05.10.2020",Population Data Science at Swansea University
2020-10-02T01:07:09Z,yt:video:EnUWS0Zzxgc,Prachakorn Forum EP.2 | ความยากลำบาก (ยิ่งขึ้น) ในการเข้าถึงบริการทำแท้งในช่วงโควิด-19,Institute for Population and Social Research MU
2020-10-01T17:27:20Z,yt:video:UHaih-_cDkE,"Jessica Su: Wealth, Assets, and Unintended Childbearing",Carolina Population Center
2020-10-01T12:24:52Z,yt:video:qHk78aPxBcY,Chantel Martin: Embodying Place: Neighborhoods and Health Disparities,Carolina Population Center
2020-09-29T19:51:28Z,yt:video:n4lKRyAcd4c,Demographics of Racial Violence,Population Association of America
2020-09-25T21:20:27Z,yt:video:C2hdH3MvENo,Great Smoky Mountain Study,Duke Population Research Institute
2020-09-25T11:00:07Z,yt:video:E-N6xfBd8rc,Resuming In-Person Data Collection during COVID-19: Virtual UNGA Side Event,PopulationCouncil
2020-09-15T14:08:10Z,yt:video:th04QgkslhE,Tonia Poteat: Black Trans Lives Matter: Understanding and Addressing Embodied Inequalities,Carolina Population Center
2020-09-04T15:17:28Z,yt:video:yGkpFkMwYi8,Webinar: A Look at Subnational Variations for Effective Girl-Centered Programming,PopulationCouncil
2020-09-03T14:02:54Z,yt:video:z82cJZJ1qqU,Government Affairs Update - September 2020,Population Association of America
2020-08-03T20:37:05Z,yt:video:QRoJIobAWik,Prof. Silvia Helena Barcellos: Is Education the Great Equalizer?,California Center for Population Research
2020-07-31T16:58:23Z,yt:video:yT3EEq_e224,Adolescent Girls Community of Practice: Case Study -- Building a Program Based on Identified Assets,PopulationCouncil
2020-06-19T06:24:59Z,yt:video:yfFnIWDlZaE,BBC Radio Wales interview with Professor Karen Broadhurst on new 'Born into Care' report,Population Data Science at Swansea University
2020-06-19T05:50:17Z,yt:video:nxeU_9qSQ1U,BBC Wales feature new research report 'Born into Care' by Nuffield FJO,Population Data Science at Swansea University
2020-05-18T17:42:33Z,yt:video:mMTnvvwhF-c,Congratulations to our 2020 PFRH Graduates!,Population Family and Reproductive Health - JHSPH
2020-05-05T20:54:31Z,yt:video:wWySkVyN_2k,"Population, food security, nutrition and sustainable development",United Nations Population Division
2020-04-22T12:33:02Z,yt:video:zIOHM-gufqg,MSc in Health Informatics at Swansea University,Population Data Science at Swansea University
2020-04-22T11:17:03Z,yt:video:ZxBt5ST8ynE,MSc in Health Data Science at Swansea University,Population Data Science at Swansea University
2020-04-09T10:28:20Z,yt:video:RCOLjjWt9RA,"A short film on Health Data Science from Pete Arnold, Programme Director, MSc Health Data Science",Population Data Science at Swansea University
2020-04-09T04:55:35Z,yt:video:fj2iUr4CdDE,"A short film on Health Informatics from Judy Jenkins, Programme Director, MSc in Health Informatics",Population Data Science at Swansea University
2019-11-26T13:58:16Z,yt:video:vQCRuq9VWak,The Role of Public Health Advocacy in Addressing the Epidemic of E-Cigarette Use Among Youth,Population Family and Reproductive Health - JHSPH
2019-11-14T07:29:44Z,yt:video:2hvDxRBuAAQ,"DPUK datathon - Amber John,  University College London",Population Data Science at Swansea University
2019-11-14T07:27:48Z,yt:video:zY3Y2hFTLzc,"DPUK datathon - Liam Mahedy,  University of Bristol",Population Data Science at Swansea University
2019-11-14T07:25:29Z,yt:video:CP5UELob810,"DPUK datathon - Fatemeh Torabi, Swansea University",Population Data Science at Swansea University
2019-11-14T07:23:22Z,yt:video:JbsH0c3piu4,"DPUK datathon - Yizhou Yu, University of Cambridge",Population Data Science at Swansea University
2019-11-05T08:38:38Z,yt:video:XxdCdy5NK40,DPUK datathon guest speaker Nigel Hullah,Population Data Science at Swansea University
2019-09-10T02:38:00Z,yt:video:lsBMpC6ftuc,วิทยาลัยประชากรศาสตร์,CPS Academic Affairs
2019-09-06T07:26:51Z,yt:video:0_2uxPhrvmI,Network-based learning for understanding collective human behaviour - Xiaowen Dong,Leverhulme Centre for Demographic Science
2019-09-06T07:26:51Z,yt:video:lGfK40oRbaM,Computational Text Analysis (part 1) - Taylor Brown,Leverhulme Centre for Demographic Science
2019-09-06T07:26:51Z,yt:video:KbnWEq2YX3o,Statistical concepts: A framework for research - Sir David Cox,Leverhulme Centre for Demographic Science
2019-09-06T07:26:51Z,yt:video:pYcj_M9zv4A,Eliciting Data in Challenging Intercultural Settings - Sonja Vogt,Leverhulme Centre for Demographic Science
2019-09-06T07:26:51Z,yt:video:Y6r9rsRrRrs,Digital trace data (part 2) - Ridhi Kashyap,Leverhulme Centre for Demographic Science
2019-09-06T07:26:51Z,yt:video:xqKGNwuIqHc,Computational Text Analysis (part 2) - Taylor Brown,Leverhulme Centre for Demographic Science
2019-09-06T07:26:50Z,yt:video:09SeJoX5cUo,Advances in Computational and Experimental Social Sciences - Ray Duch,Leverhulme Centre for Demographic Science
2019-09-06T07:26:50Z,yt:video:FfMOXimVEWk,Workshop on non-probability surveys - Roberto Cerina,Leverhulme Centre for Demographic Science
2019-09-06T07:26:36Z,yt:video:t5dK4GFfAag,Digital trace data (part 1) - Ridhi Kashyap,Leverhulme Centre for Demographic Science
2019-09-06T07:26:31Z,yt:video:uBrvYTBK-8M,Mapping human populations and mobility... for malaria elimination - Nick Ruktanonchai,Leverhulme Centre for Demographic Science
2019-07-26T08:23:20Z,yt:video:ryLUHlG2qAU,"โครงการประกวดคลิปวิดีโอ ""นโยบายการพัฒนาคนทุกช่วงวัยฯ"" CPS _Clip_3",CPS Academic Affairs
2019-07-26T08:15:29Z,yt:video:317oxRiojSY,"โครงการประกวดคลิปวิดีโอ ""นโยบายการพัฒนาคนทุกช่วงวัยฯ"" CPS_Clip_2",CPS Academic Affairs
2019-07-26T07:56:58Z,yt:video:HogWa9YSXgM,"โครงการประกวดคลิปวิดีโอ ""นโยบายการพัฒนาคนทุกช่วงวัยฯ"" CPS _Clip_1",CPS Academic Affairs
2019-05-15T13:08:35Z,yt:video:Mk5XnB4Hfkc,Beyond ACEs and Resiliency Advancing Early Relational Health in Child Health and Communities,Population Family and Reproductive Health - JHSPH
2019-04-26T11:47:22Z,yt:video:iIf-NV1ovJ4,The Future of Advocacy: Working Together for Global Good,Population Family and Reproductive Health - JHSPH
2019-04-24T11:05:29Z,yt:video:500BMbeK_rY,FSU Master's Degree in Demography,FSU Demography
2019-03-15T01:54:01Z,yt:video:MDSNF3Bp5IM,03 ทางเลือกสภาพแวดล้อม2561,CPS Academic Affairs
2019-03-15T01:50:21Z,yt:video:ilX7NJt_g9w,02 ทางเลือกมิติเศรษฐกิจ 2561,CPS Academic Affairs
2019-03-15T01:46:30Z,yt:video:hNaswFw5lJk,สถานการณ์สังคมสูงวัย 2561,CPS Academic Affairs
2018-02-16T05:12:22Z,yt:video:j3ARoUB7ttQ,โครงการอนาคตของเรา,CPS Academic Affairs
2018-02-16T05:08:39Z,yt:video:ICrz8QEb6Eo,วีดีโอเปิดตัวงานสานพลัง เพื่ออนาคตประเทศไทย,CPS Academic Affairs
2017-10-06T05:35:39Z,yt:video:BwHuCZgMbXE,College of Population Studies CU,CPS Academic Affairs
2017-10-06T04:46:54Z,yt:video:X9T08IN80zw,วิทยาลัยประชากรศาสตร์ จุฬาฯ,CPS Academic Affairs
2017-08-17T05:53:12Z,yt:video:1ygGRjyuGiY,IIPS Mumbai Foundation Day 2017,International Institute for Population Sciences
2017-07-17T09:28:21Z,yt:video:qr9IUYjOfQY,World Population Day 2017 - IIPS Mumbai,International Institute for Population Sciences
2017-01-11T18:36:43Z,yt:video:jxoC_p5yzsg,IIPS Mumbai New Year 2017,International Institute for Population Sciences
2017-01-11T18:30:32Z,yt:video:GbLgZWZYM6o,IIPS Mumbai New Year 2017,International Institute for Population Sciences
2017-01-11T18:30:25Z,yt:video:RqRtBjWwTHw,IIPS Mumbai New Year 2017,International Institute for Population Sciences
2017-01-11T17:33:36Z,yt:video:3ldKQwRWbTs,IIPS Mumbai New Year 2017,International Institute for Population Sciences
2017-01-11T17:17:08Z,yt:video:dcTxk2ljRO8,IIPS Mumbai New Year 2017,International Institute for Population Sciences
2017-01-11T15:48:48Z,yt:video:MiIOtEM0UQY,IIPS Mumbai New Year Celebration 2016,International Institute for Population Sciences
2017-01-11T10:25:06Z,yt:video:8iogGKxumao,IIPS Mumbai New Year 2016,International Institute for Population Sciences
2017-01-11T10:25:06Z,yt:video:W8fkeHSR4tk,IIPS Mumbai New Year 2016,International Institute for Population Sciences
2017-01-11T10:25:06Z,yt:video:OUcGFYjwzfo,IIPS Mumbai New Year 2016,International Institute for Population Sciences
2017-01-11T10:17:08Z,yt:video:4cbxcIJW8rM,IIPS Mumbai New Year 2016,International Institute for Population Sciences
2017-01-11T06:41:08Z,yt:video:f1w2RyI9eEQ,IIPS Mumbai New Year 2017,International Institute for Population Sciences
2017-01-11T06:05:56Z,yt:video:_tJqjXXT4WQ,IIPS New Year 2017,International Institute for Population Sciences
2017-01-11T04:59:02Z,yt:video:pM-VEp-8Zp0,IIPS Mumbai New Year 2017,International Institute for Population Sciences
2016-11-10T21:05:33Z,yt:video:cPn-JlO6ISQ,Session 8: Summary and conclusions,United Nations Population Division
2016-11-10T20:05:12Z,yt:video:AP7n55jdv6I,Session 7: criteria used to evaluate the quality of mortality data from CRVS,United Nations Population Division
2016-11-10T19:01:12Z,yt:video:-JiXiopvZnA,Session 6: Record linkages and validation studies to evaluate the completeness and quality of vital,United Nations Population Division
2016-11-10T17:13:17Z,yt:video:oLlNlb5B_LE,Session 5: Record linkages and validation studies to evaluate the completeness and quality of vital,United Nations Population Division
2016-11-09T19:10:03Z,yt:video:6hND2YtRbis,Session 4: Analytical methods to evaluate the completeness and quality of death registration,United Nations Population Division
2016-11-09T15:01:40Z,yt:video:XnCZuF_L3bY,Session 3: Analytical methods to evaluate the completeness and quality of death registration,United Nations Population Division
2016-11-08T21:09:47Z,yt:video:HBO-EL0Bhwk,Session 2: Analytical methods to evaluate the completeness and quality of birth registration,United Nations Population Division
2016-11-08T14:36:21Z,yt:video:VUEcYWHx4oY,Session 1: State of civil registration and vital statistics (CRVS) systems in the world,United Nations Population Division
2016-10-25T06:01:16Z,yt:video:eZolKK2Ptk4,"Transnational migration, citizenship and the circulation of rights and responsibilities",International Migration Institute
2016-10-03T06:03:29Z,yt:video:uH4sjbpmYkQ,"MSc in Migration Studies, University of Oxford",International Migration Institute
2016-07-05T06:55:20Z,yt:video:UXkUPqLib3c,Inventory of demographic censuses and surveys  and virtual archiving. Patrick Gerland,Institut national d'études démographiques (Ined)
2016-07-05T06:30:38Z,yt:video:qx4vefafUwk,Inventaires des recensements et archivage des publications. Patrick Gerland,Institut national d'études démographiques (Ined)
2016-07-04T13:11:58Z,yt:video:qY8LHOHKl-s,Improving demographic data in low-income countries. Stéphane Helleringer (Demostaf workshop),Institut national d'études démographiques (Ined)
2016-07-04T12:25:12Z,yt:video:EDbLxm6oBJo,Améliorer les données démographiques dans les pays à faible revenu. Stéphane Helleringer,Institut national d'études démographiques (Ined)
2016-06-24T13:25:17Z,yt:video:09yAWswxjB8,Comment le programme EDS va s'engager dans le suivi des ODD. Tom Pullum,Institut national d'études démographiques (Ined)
2016-06-24T13:03:39Z,yt:video:tZK7EkD3_Q4,How the DHS program will be involved in the monitoring of the SDGs. Tom Pullum,Institut national d'études démographiques (Ined)
2016-06-24T12:38:44Z,yt:video:RgPTz8IXk2c,The major role of National Statistical System for measuring the SDGs. Aminata Diallo Diarra,Institut national d'études démographiques (Ined)
2016-06-24T11:36:13Z,yt:video:g2PD52FcWUA,"""L'importance du système statistique national dans la mesure ODD. Aminata Diallo Diarra",Institut national d'études démographiques (Ined)
2016-06-24T11:10:23Z,yt:video:FqU791D24mQ,"Révolution des micro-données en Afrique. Patricia Kelly Hall (colloque Démosaf, 31 mai 2016)",Institut national d'études démographiques (Ined)
2016-06-24T08:50:21Z,yt:video:XELBv13SQk0,"Microdata revolution in Africa. Patricia Kelly Hall (Demostaf workshop, 2016)",Institut national d'études démographiques (Ined)
2016-06-23T13:23:17Z,yt:video:KJ_AmEPvnc8,"Sustainable Development Goals and leaving no one behind: costs of measuring the SDGs, Rajiv Ranjan",Institut national d'études démographiques (Ined)
2016-06-23T12:52:48Z,yt:video:YqZnVXKXdR8,Les ODD et ne laisser personne de côté: les coûts de la mesure. Rajiv Ranjan (colloque Demostaf),Institut national d'études démographiques (Ined)
2016-06-23T11:32:04Z,yt:video:RireVU7PTgE,"L’apport des systèmes de surveillance démographique dans la mesure des ODD, Martin Bangha",Institut national d'études démographiques (Ined)
2016-06-23T11:08:09Z,yt:video:qG09TqpO_EQ,"The input of health and demographic surveillance sites to the SDGs, Martin Bangha",Institut national d'études démographiques (Ined)
2016-06-23T10:41:36Z,yt:video:jq0wKMbFuaM,Où sont passés les nomades? 50 ans d’invisibilité statistique. Sara Randall (colloque Démostaf),Institut national d'études démographiques (Ined)
2016-04-01T18:17:29Z,yt:video:IZ-piuPh02U,2015 WFHN at PAA Kelly Davis: Daily Dairies,Harvard Center for Population and Development Studies
2016-03-22T09:17:53Z,yt:video:0OqHUnDNKbM,Paolo Boccagni: The migration-home nexus,International Migration Institute
2016-03-03T09:29:16Z,yt:video:SWjLOSh1Pvg,Marcos Estrada: Proximal transnationalism: Proximity as a salient feature in transnational processes,International Migration Institute
2016-03-02T15:21:59Z,yt:video:PGp-S5jryIY,Ali R Chaudhary: The determinants of migrant receiving and origin country electoral politics,International Migration Institute
2016-03-02T15:21:59Z,yt:video:thKNFqw3MEQ,Richard Jones: The new international migration: Settlement and the decline of transnationalism,International Migration Institute
2016-03-02T15:21:59Z,yt:video:_Zv2ig8mtd8,Filiz Garip and Çağlar Özden: Keynote session 2,International Migration Institute
2016-03-01T13:21:00Z,yt:video:VHdRx51zgM4,Thomas Lacroix: Hometown transnationalism,International Migration Institute
2016-03-01T12:30:00Z,yt:video:vmw8xL9RTlk,Francisco Alonso: From the American Dream to the Mexican Nightmare,International Migration Institute
2016-03-01T12:29:41Z,yt:video:mTv6PKwXqnY,Lisa Åkesson: Moving South,International Migration Institute
2016-03-01T12:28:40Z,yt:video:gNQB97qSIyM,Ditte Brøgger: Returning home: Migrant connections and visions for local development in rural Nepal,International Migration Institute
2016-03-01T12:28:17Z,yt:video:FJE3JGimsCw,Stephen Castles and Tim Hatton: Keynote session 1,International Migration Institute
2016-03-01T12:27:52Z,yt:video:ZLnoOWR-0go,Luisa Feline Freier: Between populist liberalism and a new commitment to human rights,International Migration Institute
2016-03-01T12:27:29Z,yt:video:XRfOcutWgzU,Sara Giunti: Remittances and expenditures of Peruvian households left behind,International Migration Institute
2016-03-01T12:27:02Z,yt:video:6H564wLdQIs,Jaeeun Kim: The documented community of the nation?,International Migration Institute
2016-02-02T19:49:55Z,yt:video:vVGjNyZTQvQ,Lisa Berkman serves as witness at Senate hearing held by Bernie Sanders on Americans Dying Young,Harvard Center for Population and Development Studies
2015-10-28T19:54:38Z,yt:video:GxDCWALGMJA,WFHN Workshop at PAA 2015 - Sam Liu with Tips on Accessing Data,Harvard Center for Population and Development Studies
2015-10-28T19:38:09Z,yt:video:I2d-i6cQnsQ,WFHN Workshop at PAA 2015 - Lisa Berkman with Baseline Findings,Harvard Center for Population and Development Studies
2015-10-28T18:41:54Z,yt:video:L49_0U6hb6o,"WFHN Workshop at PAA - Erin Kelly: TOMO Intervention (salaried workforce, Office setting)",Harvard Center for Population and Development Studies
2015-10-28T17:58:45Z,yt:video:TMpuZDLYY2g,WFHN Workshop at PAA 2015 - Lisa Berkman: Background and Rationale,Harvard Center for Population and Development Studies
2015-10-20T16:41:40Z,yt:video:WE1CY2GUJ7o,"WFHN Workshop at PAA 2015 - Rosalind King, NICHD: Overview",Harvard Center for Population and Development Studies
2015-08-21T13:47:18Z,yt:video:yo5qaqUvhpk,GCTV w/ Bill Miller,United Nations Population Division
2014-05-21T20:17:45Z,yt:video:zy3rHfaf6oc,"50th Anniversary Symposium - April 29, 2014:  Closing Panel",Harvard Center for Population and Development Studies
2014-05-21T18:46:00Z,yt:video:gNZOexuTJyk,"50th Anniversary Symposium - April 29, 2014:  Sir Michael Marmot",Harvard Center for Population and Development Studies
2014-05-21T16:46:26Z,yt:video:1ofMXOIv8bU,"50th Anniversary Symposium - April 29, 2014:  Jack Rowe",Harvard Center for Population and Development Studies
2014-05-21T14:13:44Z,yt:video:fT5P-eO-_Zk,"50th Anniversary Symposium - April 29, 2014:  Babatunde Osotimehin",Harvard Center for Population and Development Studies
2014-05-20T22:03:52Z,yt:video:-3UXZ4cz3Co,"50th Anniversary Symposium - April 29, 2014:  Lisa Berkman",Harvard Center for Population and Development Studies
2014-05-20T20:03:27Z,yt:video:s_pT3f8xKtU,"50th Anniversary Symposium - April 29, 2014: Julio Frenk",Harvard Center for Population and Development Studies
2014-04-29T06:42:23Z,yt:video:ZchjwCHrgFM,Veldwerkexcursie FRW 2014,Faculty of Spatial Sciences - University of Groningen
2008-09-16T07:01:21Z,yt:video:mP5Ohyjk5vw,Officiele opening nieuw pand FRW,Faculty of Spatial Sciences - University of Groningen
